car_id,symboling,wheel_base,car_length,car_width,car_height,curb_weight,engine_type,cylinder_number,engine_size,fuel_system,bore_ratio,stroke,compression_ratio,horse_power,peak_rpm,city_mpg,highway_mpg,price,marca,modelo,fuel_type_gas,aspiration_turbo,door_number_two,car_body_hardtop,car_body_hatchback,car_body_sedan,car_body_wagon,drive_wheel_fwd,drive_wheel_rwd,engine_location_rear
1,3,-1.6907718018201774,-0.42652146835701304,-0.8447823517277104,-2.0204173044647122,-0.014566282137926123,dohc,four,0.0744489251157203,mpfi,0.5190713849456007,-1.839377336831407,-0.2883489098618655,0.17448277916253407,-0.2629602160773477,-0.6465530277621856,-0.5460587369032711,13495.0,alfa romeo,giulia,True,False,True,False,False,False,False,False,True,False
2,3,-1.6907718018201774,-0.42652146835701304,-0.8447823517277104,-2.0204173044647122,-0.014566282137926123,dohc,four,0.0744489251157203,mpfi,0.5190713849456007,-1.839377336831407,-0.2883489098618655,0.17448277916253407,-0.2629602160773477,-0.6465530277621856,-0.5460587369032711,16500.0,alfa romeo,stelvio,True,False,True,False,False,False,False,False,True,False
3,1,-0.7085958764076113,-0.23151304680543727,-0.19056612143668694,-0.5435274761218468,0.5148819161377617,ohcv,six,0.6040461684467903,mpfi,-2.404880294774036,0.6859461601154123,-0.2883489098618655,1.2645364278639772,-0.2629602160773477,-0.9530116883199847,-0.6916270607851575,16500.0,alfa romeo,Quadrifoglio,True,False,True,False,True,False,False,False,True,False
4,2,0.17369775150537034,0.2072559016856128,0.1365419937088248,0.23594215550355344,-0.4207974451785447,ohc,four,-0.43107571624575564,mpfi,-0.5172659192588284,0.4621833186137945,-0.035972825318776304,-0.05366798451916333,0.7878554622044521,-0.18686503692548712,-0.10935376525761202,13950.0,audi,100 ls,True,False,False,False,False,True,False,True,False,False
5,2,0.1071095531723165,0.2072559016856128,0.23000145517897197,0.23594215550355344,0.5168071823133096,ohc,five,0.21888453693328483,mpfi,-0.5172659192588284,0.4621833186137945,-0.5407249944049548,0.2758831185766218,0.7878554622044521,-1.1062410185988842,-1.273900356312703,17450.0,audi,100ls,True,False,False,False,False,True,False,False,False,False
6,2,0.17369775150537034,0.26413335797149096,0.18327172444389506,-0.2563544539440664,-0.0935021953353923,ohc,five,0.21888453693328483,mpfi,-0.5172659192588284,0.4621833186137945,-0.41453695213341013,0.14913269430901213,0.7878554622044521,-0.9530116883199847,-0.8371953846670438,15250.0,audi,fox,True,False,True,False,False,True,False,True,False,False
7,1,1.1725207265011992,1.5154373962607788,2.566487991932618,0.8102881998591143,0.5553125058242687,ohc,five,0.21888453693328483,mpfi,-0.5172659192588284,0.4621833186137945,-0.41453695213341013,0.14913269430901213,0.7878554622044521,-0.9530116883199847,-0.8371953846670438,17710.0,audi,100ls,True,False,False,False,False,True,False,True,False,False
8,1,1.1725207265011992,1.5154373962607788,2.566487991932618,0.8102881998591143,0.7670917851345438,ohc,five,0.21888453693328483,mpfi,-0.5172659192588284,0.4621833186137945,-0.41453695213341013,0.14913269430901213,0.7878554622044521,-0.9530116883199847,-0.8371953846670438,18920.0,audi,5000,True,False,False,False,False,False,True,True,False,False
9,1,1.1725207265011992,1.5154373962607788,2.566487991932618,0.8923376347670494,1.021226920306874,ohc,five,0.09852152708531438,mpfi,-0.7393381987312061,0.4621833186137945,-0.4650121690420278,0.9096352399146702,0.7878554622044521,-1.2594703488777836,-1.5650370040764756,23875.0,audi,4000,True,True,False,False,False,True,False,True,False,False
10,0,0.12375660275557937,0.3372615160533307,0.9309474162050657,-0.7076263459377201,0.9576931365137914,ohc,five,0.09852152708531438,mpfi,-0.7393381987312061,0.4621833186137945,-0.7931010789480439,1.4166369369851088,0.7878554622044521,-1.4126996791566833,-1.273900356312703,17859.167,audi,5000s (diesel),True,True,True,False,True,False,False,False,False,False
11,2,0.40675644567106467,0.22350660348157897,-0.5176742365821987,0.23594215550355344,-0.3091320069967633,ohc,four,-0.45514831821534973,mpfi,0.6301075246817887,-1.4557838942572077,-0.3388241267704832,-0.07901806937268527,1.4183448691735319,-0.3400943672043866,-0.2549220891394984,16430.0,bmw,320i,True,False,True,False,False,True,False,False,True,False
12,0,0.40675644567106467,0.22350660348157897,-0.5176742365821987,0.23594215550355344,-0.3091320069967633,ohc,four,-0.45514831821534973,mpfi,0.6301075246817887,-1.4557838942572077,-0.3388241267704832,-0.07901806937268527,1.4183448691735319,-0.3400943672043866,-0.2549220891394984,16925.0,bmw,320i,True,False,False,False,False,True,False,False,True,False
13,0,0.40675644567106467,0.22350660348157897,-0.5176742365821987,0.23594215550355344,0.29732683830084267,ohc,six,0.8929173920819194,mpfi,-0.07312136031407311,-0.20910520589105608,-0.2883489098618655,0.42798362769775344,-1.8391837335000474,-0.6465530277621856,-0.4004904130213847,20970.0,bmw,x1,True,False,True,False,False,True,False,False,True,False
14,0,0.40675644567106467,0.22350660348157897,-0.5176742365821987,0.23594215550355344,0.4032164779559802,ohc,six,0.8929173920819194,mpfi,-0.07312136031407311,-0.20910520589105608,-0.2883489098618655,0.42798362769775344,-1.8391837335000474,-0.6465530277621856,-0.4004904130213847,21105.0,bmw,x3,True,False,False,False,False,True,False,False,True,False
15,1,0.7896385860861319,1.214799413035431,0.46365010885433655,0.8102881998591143,0.9615436688648873,ohc,six,0.8929173920819194,mpfi,-0.07312136031407311,-0.20910520589105608,-0.2883489098618655,0.42798362769775344,-1.8391837335000474,-0.7997823580410852,-0.8371953846670438,24565.0,bmw,z4,True,False,False,False,False,True,False,False,True,False
16,0,0.7896385860861319,1.214799413035431,0.46365010885433655,0.8102881998591143,1.2984652495857796,ohc,six,1.9761844807136535,mpfi,1.074252083626544,0.43021719839927847,-0.5407249944049548,1.9743388037625915,0.5776923265480921,-1.4126996791566833,-1.273900356312703,30760.0,bmw,x4,True,False,False,False,False,True,False,False,True,False
17,0,0.7896385860861319,1.604816256138587,0.9309474162050657,-0.010206149220255032,1.587255175917973,ohc,six,1.9761844807136535,mpfi,1.074252083626544,0.43021719839927847,-0.5407249944049548,1.9743388037625915,0.5776923265480921,-1.4126996791566833,-1.273900356312703,41315.0,bmw,x5,True,False,True,False,False,True,False,False,True,False
18,0,1.87169680899828,1.864827484874023,2.332839338257253,1.0564365045829227,1.8279134478614674,ohc,six,1.9761844807136535,mpfi,1.074252083626544,0.43021719839927847,-0.5407249944049548,1.9743388037625915,0.5776923265480921,-1.5659290094355827,-1.5650370040764756,36880.0,bmw,x3,True,False,False,False,False,True,False,False,True,False
19,2,-1.724065900986703,-2.677243667098139,-2.62051211966048,-0.21532973649009735,-2.055348428218759,l,three,-1.586560610786272,2bbl,-1.5536032234632557,-0.7205631293233238,-0.16216086759032092,-1.4225725666093478,-0.052797080420987755,3.3374095594892017,3.238717684025774,5151.0,chevrolet,impala,True,False,True,False,True,False,False,True,False,False
20,1,-0.7085958764076113,-1.4746917341967432,-1.0784310054030717,-0.7076263459377201,-1.3121956844572482,ohc,four,-0.8884551536680434,2bbl,-1.1094586645185023,-0.46483416760718993,-0.13692325913601208,-0.8648706998318653,0.5776923265480921,1.958345586979106,1.7830344452069105,6295.0,chevrolet,monte carlo,True,False,True,False,True,False,False,True,False,False
21,0,-0.7085958764076113,-1.239056558155253,-1.0784310054030717,-0.7076263459377201,-1.2448113683130697,ohc,four,-0.8884551536680434,2bbl,-1.1094586645185023,-0.46483416760718993,-0.13692325913601208,-0.8648706998318653,0.5776923265480921,1.958345586979106,1.7830344452069105,6575.0,chevrolet,vega 2300,True,False,False,False,False,True,False,True,False,False
22,1,-0.8417722730737214,-1.360936821624989,-0.9849715439329279,-1.1999229553853428,-1.3083451521061522,ohc,four,-0.8884551536680434,2bbl,-1.3315309439908782,-0.08124072503298917,-0.1848747151991989,-0.9155708695389091,0.7878554622044521,1.8051162567002066,1.4918977974431378,5572.0,dodge,rampage,True,False,True,False,True,False,False,True,False,False
23,1,-0.8417722730737214,-1.360936821624989,-0.9849715439329279,-1.1999229553853428,-1.3083451521061522,ohc,four,-0.8884551536680434,2bbl,-1.3315309439908782,-0.08124072503298917,-0.18739847604462975,-0.9155708695389091,0.7878554622044521,0.8857402750268095,1.0551928257974788,6377.0,dodge,challenger se,True,False,True,False,True,False,False,True,False,False
24,1,-0.8417722730737214,-1.360936821624989,-0.9849715439329279,-1.1999229553853428,-0.8231780758680675,ohc,four,-0.6958743379112906,mpfi,-1.1094586645185023,0.43021719839927847,-0.6416754282221906,-0.05366798451916333,0.7878554622044521,-0.18686503692548712,-0.10935376525761202,7957.0,dodge,d200,True,True,True,False,True,False,False,True,False,False
25,1,-0.8417722730737214,-1.360936821624989,-0.9849715439329279,-1.281972390293278,-1.1331459301312883,ohc,four,-0.8884551536680434,2bbl,-1.3315309439908782,-0.08124072503298917,-0.18739847604462975,-0.9155708695389091,0.7878554622044521,0.8857402750268095,1.0551928257974788,6229.0,dodge,monaco (sw),True,False,False,False,True,False,False,True,False,False
26,1,-0.8417722730737214,-1.360936821624989,-0.9849715439329279,-1.281972390293278,-1.0907900742692331,ohc,four,-0.8884551536680434,2bbl,-1.3315309439908782,-0.08124072503298917,-0.18739847604462975,-0.9155708695389091,0.7878554622044521,0.8857402750268095,1.0551928257974788,6692.0,dodge,colt hardtop,True,False,False,False,False,True,False,True,False,False
27,1,-0.8417722730737214,-1.360936821624989,-0.9849715439329279,-1.281972390293278,-1.0907900742692331,ohc,four,-0.8884551536680434,2bbl,-1.3315309439908782,-0.08124072503298917,-0.18739847604462975,-0.9155708695389091,0.7878554622044521,0.8857402750268095,1.0551928257974788,7609.0,dodge,colt (sw),True,False,False,False,False,True,False,True,False,False
28,1,-0.8417722730737214,-1.360936821624989,-0.9849715439329279,-1.281972390293278,-0.7018863068085462,ohc,four,-0.6958743379112906,mpfi,-1.1094586645185023,0.43021719839927847,-0.6416754282221906,-0.05366798451916333,0.7878554622044521,-0.18686503692548712,-0.10935376525761202,8558.0,dodge,coronet custom,True,True,True,False,False,True,False,True,False,False
29,-1,0.7563444869196039,0.04474888372596479,-0.6111336980523459,2.492301615471819,-0.039594742420049546,ohc,four,-0.11813189064103245,2bbl,0.0379147794221149,0.6539800399008949,-0.41453695213341013,-0.4085691724684704,-0.2629602160773477,-0.18686503692548712,-0.10935376525761202,8921.0,dodge,dart custom,True,False,False,False,False,False,True,True,False,False
30,3,-0.475537182241917,-0.06900602884578928,0.18327172444389506,-1.4460712601091512,0.49177872203118617,ohc,four,0.7003365763251667,mfi,1.0002279904690847,2.0604893293396294,-0.7931010789480439,1.03638566418228,-0.2629602160773477,-0.9530116883199847,-0.9827637085489301,12964.0,dodge,coronet custom (sw),True,True,True,False,True,False,False,True,False,False
31,2,-2.0237127934854535,-2.3928563856687552,-0.9382418131978543,-1.1999229553853428,-1.622163538720469,ohc,four,-0.8403099497288552,1bbl,-1.5536032234632557,0.4941494388283119,-0.13692325913601208,-1.1690717180741284,-0.6832864873900676,3.643868220047001,3.3842860079076607,6479.0,honda,civic,True,False,True,False,True,False,False,True,False,False
32,2,-2.0237127934854535,-2.3928563856687552,-0.9382418131978543,-1.1999229553853428,-1.4180853241123856,ohc,four,-0.8403099497288552,1bbl,-1.5536032234632557,0.4941494388283119,-0.23787369295324787,-0.7127701907107337,1.838671140486252,0.8857402750268095,1.0551928257974788,6855.0,honda,civic cvcc,True,False,True,False,True,False,False,True,False,False
33,1,-0.8417722730737214,-1.9540874371777053,-0.8915120824627807,-0.46147804121390873,-1.3834305329525225,ohc,four,-1.1532537753335783,1bbl,-1.5536032234632557,-0.5926986484652568,-0.010735216864467472,-1.1183715483670846,0.7878554622044521,1.958345586979106,1.6374661213250241,5399.0,honda,civic,True,False,True,False,True,False,False,True,False,False
34,1,-0.8417722730737214,-1.9540874371777053,-0.8915120824627807,-0.46147804121390873,-1.185128116871083,ohc,four,-0.8403099497288552,1bbl,-1.5536032234632557,0.4941494388283119,-0.23787369295324787,-0.7127701907107337,1.838671140486252,0.73251094474791,0.4729195302699334,6529.0,honda,accord cvcc,True,False,True,False,True,False,False,True,False,False
35,1,-0.8417722730737214,-1.9540874371777053,-0.8915120824627807,-0.46147804121390873,-1.1543238580623159,ohc,four,-0.8403099497288552,1bbl,-1.5536032234632557,0.4941494388283119,-0.23787369295324787,-0.7127701907107337,1.838671140486252,0.73251094474791,0.4729195302699334,7129.0,honda,civic cvcc,True,False,True,False,True,False,False,True,False,False
36,0,-0.37565488474233505,-0.8652904168480631,-0.8915120824627807,0.3179915904114915,-1.0503594845827262,ohc,four,-0.8403099497288552,1bbl,-1.5536032234632557,0.4941494388283119,-0.23787369295324787,-0.7127701907107337,1.838671140486252,0.73251094474791,0.4729195302699334,7295.0,honda,accord lx,True,False,False,False,False,True,False,True,False,False
37,0,-0.37565488474233505,-1.3771875234209552,-0.9382418131978543,1.876930853662292,-1.0234057581250549,ohc,four,-0.8403099497288552,1bbl,-1.516591176884527,0.4941494388283119,-0.23787369295324787,-0.7127701907107337,1.838671140486252,0.73251094474791,0.4729195302699334,7295.0,honda,civic 1500 gl,True,False,False,False,False,False,True,True,False,False
38,0,-0.37565488474233505,-0.5321510300307851,-0.33075531364190436,-0.17430501903613121,-0.6152493289088883,ohc,four,-0.40700311427616154,1bbl,-0.6653141055737468,1.0375734824750955,-0.2883489098618655,-0.4592693421755143,1.4183448691735319,0.2728229539112114,0.32735120638804704,7895.0,honda,accord,True,False,True,False,True,False,False,True,False,False
39,0,-0.37565488474233505,-0.5321510300307851,-0.33075531364190436,-0.17430501903613121,-0.5132102216048466,ohc,four,-0.40700311427616154,1bbl,-0.6653141055737468,1.0375734824750955,-0.2883489098618655,-0.4592693421755143,1.4183448691735319,0.2728229539112114,0.32735120638804704,9095.0,honda,civic 1300,True,False,True,False,True,False,False,True,False,False
40,0,-0.37565488474233505,0.10975169090982491,-0.33075531364190436,0.15389272059561823,-0.4843312289716273,ohc,four,-0.40700311427616154,1bbl,-0.6653141055737468,1.0375734824750955,-0.2883489098618655,-0.4592693421755143,1.4183448691735319,0.2728229539112114,0.32735120638804704,8845.0,honda,prelude,True,False,False,False,False,True,False,True,False,False
41,0,-0.37565488474233505,0.10975169090982491,-1.5924580434888744,0.15389272059561823,-0.3534131290343663,ohc,four,-0.40700311427616154,1bbl,-0.6653141055737468,1.0375734824750955,-0.2883489098618655,-0.4592693421755143,1.4183448691735319,0.2728229539112114,0.32735120638804704,10295.0,honda,accord,True,False,False,False,False,True,False,True,False,False
42,0,-0.37565488474233505,0.10975169090982491,-0.33075531364190436,0.15389272059561823,-0.17436337470840643,ohc,four,-0.40700311427616154,mpfi,-0.6653141055737468,1.0375734824750955,-0.2883489098618655,-0.07901806937268527,1.4183448691735319,-0.18686503692548712,-0.4004904130213847,12945.0,honda,civic,True,False,False,False,False,True,False,True,False,False
43,1,-0.37565488474233505,-0.4021454156630672,0.04308253223867764,-1.1178735204774048,-0.5055091569026547,ohc,four,-0.40700311427616154,2bbl,-0.6653141055737468,1.0375734824750955,-0.2631113014075567,-0.1043681542262072,0.7878554622044521,-0.03363570664658759,0.03621455862427433,10345.0,honda,civic (auto),True,False,True,False,False,True,False,True,False,False
44,0,-0.7418899755741394,-0.27213980129534926,-1.9195661586343862,-0.09225558412819312,-0.4207974451785447,ohc,four,-0.38293051230656744,2bbl,-0.07312136031407311,-0.08124072503298917,-0.41453695213341013,-0.6620700210036897,-0.6832864873900676,-0.18686503692548712,-0.2549220891394984,6785.0,isuzu,MU-X,True,False,False,False,False,True,False,False,True,False
45,1,-0.7085958764076113,-1.4746917341967432,-1.0784310054030717,-0.7076263459377201,-1.3121956844572482,ohc,four,-0.8884551536680434,2bbl,-1.1094586645185023,-0.46483416760718993,-0.13692325913601208,-0.8648706998318653,0.5776923265480921,1.958345586979106,1.7830344452069105,8916.5,isuzu,D-Max ,True,False,True,False,False,True,False,True,False,False
46,0,-0.7085958764076113,-1.4746917341967432,-1.0784310054030717,-0.7076263459377201,-1.2448113683130697,ohc,four,-0.8884551536680434,2bbl,-1.1094586645185023,-0.46483416760718993,-0.13692325913601208,-0.8648706998318653,0.5776923265480921,1.958345586979106,1.7830344452069105,8916.5,isuzu,D-Max V-Cross,True,False,False,False,False,True,False,True,False,False
47,2,-0.45889013265865414,-0.11775813423368321,-0.33075531364190436,-0.9537746506615314,0.3435332265139936,ohc,four,-0.19034969654981473,spfi,0.3710231986306822,-0.08124072503298917,-0.23787369295324787,-0.3578690027614265,-0.2629602160773477,-0.18686503692548712,-0.2549220891394984,11048.0,isuzu,D-Max ,True,False,True,False,True,False,False,False,True,False
48,0,2.3711082964961943,2.0760866082215648,1.7253528387013,-0.3794286063059735,2.9079877723438705,dohc,six,3.155741977223764,mpfi,1.1112641302052728,2.9235745751315805,-0.5154873859506459,1.8222382946414597,-0.7883680552182476,-1.5659290094355827,-1.710605327958362,32250.0,jaguar,xj,True,False,False,False,False,True,False,False,True,False
49,0,2.3711082964961943,2.0760866082215648,1.7253528387013,-0.3794286063059735,2.9079877723438705,dohc,six,3.155741977223764,mpfi,1.1112641302052728,2.9235745751315805,-0.5154873859506459,1.8222382946414597,-0.7883680552182476,-1.5659290094355827,-1.710605327958362,35550.0,jaguar,xf,True,False,False,False,False,True,False,False,True,False
50,0,0.5399328423371748,1.4341838872809547,2.192650146052029,-2.4306644790043967,2.6846568959803077,ohcv,twelve,4.7926789111561625,mpfi,0.7781557109967071,-1.5836483751152748,0.34259130149585754,4.002345592044346,-0.2629602160773477,-1.8723876699933817,-2.0017419757221346,36000.0,jaguar,xk,True,False,True,False,False,True,False,False,True,False
51,1,-0.9416545705733057,-1.2146805054613072,-0.7980526209926335,0.15389272059561823,-1.2813914256484809,ohc,four,-0.8643825516984494,2bbl,-1.1094586645185023,-0.336969686749123,-0.2883489098618655,-0.9155708695389091,-0.2629602160773477,0.73251094474791,0.03621455862427433,5195.0,mazda,rx3,True,False,True,False,True,False,False,True,False,False
52,1,-0.9416545705733057,-1.2146805054613072,-0.7980526209926335,0.15389272059561823,-1.2621387638930013,ohc,four,-0.8643825516984494,2bbl,-1.1094586645185023,-0.336969686749123,-0.2883489098618655,-0.9155708695389091,-0.2629602160773477,0.8857402750268095,1.0551928257974788,6095.0,mazda,glc deluxe,True,False,True,False,True,False,False,True,False,False
53,1,-0.9416545705733057,-1.2146805054613072,-0.7980526209926335,0.15389272059561823,-1.2525124330152615,ohc,four,-0.8643825516984494,2bbl,-1.1094586645185023,-0.336969686749123,-0.2883489098618655,-0.9155708695389091,-0.2629602160773477,0.8857402750268095,1.0551928257974788,6795.0,mazda,rx2 coupe,True,False,True,False,True,False,False,True,False,False
54,1,-0.9416545705733057,-0.589028486316661,-0.7980526209926335,0.15389272059561823,-1.1755017859933432,ohc,four,-0.8643825516984494,2bbl,-1.1094586645185023,-0.336969686749123,-0.2883489098618655,-0.9155708695389091,-0.2629602160773477,0.8857402750268095,1.0551928257974788,6695.0,mazda,rx-4,True,False,False,False,False,True,False,True,False,False
55,1,-0.9416545705733057,-0.589028486316661,-0.7980526209926335,0.15389272059561823,-1.1658754551156034,ohc,four,-0.8643825516984494,2bbl,-0.9243984316248534,-0.336969686749123,-0.2883489098618655,-0.9155708695389091,-0.2629602160773477,0.8857402750268095,1.0551928257974788,7395.0,mazda,glc deluxe,True,False,False,False,False,True,False,True,False,False
56,3,-0.5754194797415013,-0.41027076656104916,-0.09710665996653978,-1.6922195648329628,-0.33801099962998266,rotor,two,-1.3699071930599251,4bbl,0.0009027328433861145,-0.0013254244966976996,-0.18739847604462975,-0.07901806937268527,1.838671140486252,-1.2594703488777836,-1.1283320324308166,10945.0,mazda,626,True,False,True,False,True,False,False,False,True,False
57,3,-0.5754194797415013,-0.41027076656104916,-0.09710665996653978,-1.6922195648329628,-0.33801099962998266,rotor,two,-1.3699071930599251,4bbl,0.0009027328433861145,-0.0013254244966976996,-0.18739847604462975,-0.07901806937268527,1.838671140486252,-1.2594703488777836,-1.1283320324308166,11845.0,mazda,glc,True,False,True,False,True,False,False,False,True,False
58,3,-0.5754194797415013,-0.41027076656104916,-0.09710665996653978,-1.6922195648329628,-0.32838466875224287,rotor,two,-1.3699071930599251,4bbl,0.0009027328433861145,-0.0013254244966976996,-0.18739847604462975,-0.07901806937268527,1.838671140486252,-1.2594703488777836,-1.1283320324308166,13645.0,mazda,rx-7 gs,True,False,True,False,True,False,False,False,True,False
59,3,-0.5754194797415013,-0.41027076656104916,-0.09710665996653978,-1.6922195648329628,-0.10697905856422799,rotor,two,-1.1291811733639843,mpfi,0.0009027328433861145,-0.0013254244966976996,-0.18739847604462975,0.7828848156470605,1.838671140486252,-1.4126996791566833,-1.1283320324308166,15645.0,mazda,glc 4,True,False,True,False,True,False,False,False,True,False
60,1,0.007227255672732204,0.304760112461403,0.2767311859140422,-0.010206149220255032,-0.32838466875224287,ohc,four,-0.11813189064103245,2bbl,0.22297501231576378,0.43021719839927847,-0.3892993436791013,-0.5099695118825581,-0.6832864873900676,0.11959362363231192,0.18178288250616068,8845.0,mazda,626,True,False,True,False,True,False,False,True,False,False
61,0,0.007227255672732204,0.304760112461403,0.2767311859140422,0.7282387649511761,-0.280253014363544,ohc,four,-0.11813189064103245,2bbl,0.22297501231576378,0.43021719839927847,-0.3892993436791013,-0.5099695118825581,-0.6832864873900676,0.11959362363231192,0.18178288250616068,8495.0,mazda,glc custom l,True,False,False,False,False,True,False,True,False,False
62,1,0.007227255672732204,0.304760112461403,0.2767311859140422,-0.010206149220255032,-0.32838466875224287,ohc,four,-0.11813189064103245,2bbl,0.22297501231576378,0.43021719839927847,-0.3892993436791013,-0.5099695118825581,-0.6832864873900676,0.11959362363231192,0.18178288250616068,10595.0,mazda,glc custom,True,False,True,False,True,False,False,True,False,False
63,0,0.007227255672732204,0.304760112461403,0.2767311859140422,0.7282387649511761,-0.280253014363544,ohc,four,-0.11813189064103245,2bbl,0.22297501231576378,0.43021719839927847,-0.3892993436791013,-0.5099695118825581,-0.6832864873900676,0.11959362363231192,0.18178288250616068,10245.0,mazda,rx-4,True,False,False,False,False,True,False,True,False,False
64,0,0.007227255672732204,0.304760112461403,0.2767311859140422,0.7282387649511761,-0.21671923057046144,ohc,four,-0.11813189064103245,idi,0.22297501231576378,0.43021719839927847,3.1692034483784566,-1.0169712089529968,-0.9985311908746076,1.651886926421307,1.6374661213250241,10795.0,mazda,glc deluxe,False,False,False,False,False,True,False,True,False,False
65,0,0.007227255672732204,0.304760112461403,0.2767311859140422,0.7282387649511761,-0.25137402173032464,ohc,four,-0.11813189064103245,2bbl,0.22297501231576378,0.43021719839927847,-0.3892993436791013,-0.5099695118825581,-0.6832864873900676,0.11959362363231192,0.18178288250616068,11245.0,mazda,626,True,False,False,False,True,False,False,True,False,False
66,0,1.0226972802518264,0.07725028731789485,0.0898122629737479,0.2769668729575225,0.22031619127892443,ohc,four,0.3151749448116612,mpfi,1.5924207357287568,-0.30500356653460553,-0.5407249944049548,0.4026335428442315,-0.2629602160773477,-0.9530116883199847,-0.5460587369032711,18280.0,mazda,glc,True,False,False,False,False,True,False,False,True,False
67,0,1.0226972802518264,0.07725028731789485,0.0898122629737479,0.2769668729575225,0.2780741765453631,ohc,four,0.17073933299409666,idi,0.3710231986306822,1.229370203762196,2.9925401891982943,-0.8141705301248213,-1.9442653013282274,0.8857402750268095,1.200761149679365,18344.0,mazda,rx-7 gs,False,False,False,False,False,True,False,False,True,False
68,-1,1.87169680899828,1.369181080097097,2.0524609538468117,1.1384859394908609,1.847166109616947,ohc,five,1.3502968295042073,idi,0.9262038973116256,1.229370203762196,2.86635214692675,0.4786837974047973,-1.6290205978436874,-0.49332369748328614,-0.8371953846670438,25552.0,buick,electra 225 custom,False,True,False,False,False,True,False,False,True,False
69,-1,1.87169680899828,1.369181080097097,2.0524609538468117,2.041029723478168,2.299603660870716,ohc,five,1.3502968295042073,idi,0.9262038973116256,1.229370203762196,2.86635214692675,0.4786837974047973,-1.6290205978436874,-0.49332369748328614,-0.8371953846670438,28248.0,buick,century luxus (sw),False,True,False,False,False,False,True,False,True,False
70,0,1.3223441727505745,1.092919149565695,2.0524609538468117,0.4820904602273648,1.8086607861059878,ohc,five,1.3502968295042073,idi,0.9262038973116256,1.229370203762196,2.86635214692675,0.4786837974047973,-1.6290205978436874,-0.49332369748328614,-0.8371953846670438,28176.0,buick,century,False,True,True,True,False,False,False,False,True,False
71,-1,2.8039315856610525,2.319847135161037,2.706677184137835,1.0564365045829227,2.3381089843816754,ohc,five,1.3502968295042073,idi,0.9262038973116256,1.229370203762196,2.86635214692675,0.4786837974047973,-1.6290205978436874,-0.49332369748328614,-0.8371953846670438,31600.0,buick,skyhawk,False,True,False,False,False,True,False,False,True,False
72,-1,2.8039315856610525,2.319847135161037,2.706677184137835,1.1384859394908609,2.2803509991152366,ohcv,eight,2.5779995299535057,mpfi,0.4820593383668702,-0.49680028782170593,-0.4650121690420278,1.2898865127174992,-0.7883680552182476,-1.4126996791566833,-1.8561736518402483,34184.0,buick,opel isuzu deluxe,True,False,False,False,False,True,False,False,True,False
73,3,-0.3590078351590722,0.507893884910963,2.145920415316959,-1.1999229553853428,2.1744613594600994,ohcv,eight,2.5779995299535057,mpfi,0.4820593383668702,-0.49680028782170593,-0.4650121690420278,1.2898865127174992,-0.7883680552182476,-1.4126996791566833,-1.8561736518402483,35056.0,buick,skylark,True,False,True,False,False,False,False,False,True,False
74,0,3.6862252135740365,2.766741434550069,2.706677184137835,1.220535374398799,2.58839358720291,ohcv,eight,4.359372075703469,mpfi,1.7404689220436753,0.30235271754121157,-0.5407249944049548,2.0250389734696355,-1.3137758943591475,-1.7191583397144823,-2.1473102996040208,40960.0,buick,century special,True,False,False,False,False,True,False,False,True,False
75,1,2.2046378006635563,2.0435852046296348,2.8468663763430526,0.6872140474972072,2.2322193447265377,ohcv,eight,4.263081667825093,mpfi,1.7404689220436753,0.30235271754121157,-0.5407249944049548,2.0250389734696355,-1.3137758943591475,-1.7191583397144823,-2.1473102996040208,45400.0,buick,regal sport coupe (turbo),True,False,True,True,False,False,False,False,True,False
76,1,0.6564621894200219,0.35351221784929693,0.977677146940136,0.4410657427733958,0.6823800734104337,ohc,four,0.3151749448116612,mpfi,1.6664448288862161,-0.4328680473926725,-0.5407249944049548,1.796888209787938,-0.2629602160773477,-0.9530116883199847,-0.9827637085489301,16503.0,mercury,cougar,True,True,True,False,True,False,False,False,True,False
77,2,-0.8417722730737214,-1.360936821624989,-0.7045931595224864,-1.1999229553853428,-1.2274839727331381,ohc,four,-0.8403099497288552,2bbl,-1.3315309439908782,-0.08124072503298917,-0.18739847604462975,-0.9155708695389091,0.7878554622044521,1.8051162567002066,1.4918977974431378,5389.0,mitsubishi,mirage,True,False,True,False,True,False,False,True,False,False
78,2,-0.8417722730737214,-1.360936821624989,-0.7045931595224864,-1.1999229553853428,-1.1774270521688912,ohc,four,-0.8403099497288552,2bbl,-1.3315309439908782,-0.08124072503298917,-0.18739847604462975,-0.9155708695389091,0.7878554622044521,0.8857402750268095,1.0551928257974788,6189.0,mitsubishi,lancer,True,False,True,False,True,False,False,True,False,False
79,2,-0.8417722730737214,-1.360936821624989,-0.7045931595224864,-1.1999229553853428,-1.061911081636014,ohc,four,-0.8403099497288552,2bbl,-1.3315309439908782,-0.08124072503298917,-0.18739847604462975,-0.9155708695389091,0.7878554622044521,0.8857402750268095,1.0551928257974788,6669.0,mitsubishi,outlander,True,False,True,False,True,False,False,True,False,False
80,1,-0.9583016201565685,-1.360936821624989,-0.9849715439329279,-1.1999229553853428,-0.7904485508837522,ohc,four,-0.6958743379112906,spdi,-1.1094586645185023,0.43021719839927847,-0.6416754282221906,-0.05366798451916333,0.7878554622044521,-0.18686503692548712,-0.10935376525761202,7689.0,mitsubishi,g4,True,True,True,False,True,False,False,True,False,False
81,3,-0.40894898390886314,-0.08525673064175315,-0.2372958521717572,-1.7742689997409007,-0.3572636613854622,ohc,four,-0.40700311427616154,spdi,-0.5912900124162876,0.6539800399008949,-0.6669130366764994,0.30123320343014376,0.7878554622044521,-0.3400943672043866,-0.10935376525761202,9959.0,mitsubishi,mirage g4,True,True,True,False,True,False,False,True,False,False
82,3,-0.40894898390886314,-0.08525673064175315,-0.2372958521717572,-1.7742689997409007,-0.43812484075847635,ohc,four,-0.11813189064103245,2bbl,0.07492682600084534,0.6539800399008949,-0.41453695213341013,-0.4085691724684704,-0.2629602160773477,-0.03363570664658759,0.18178288250616068,8499.0,mitsubishi,g4,True,False,True,False,True,False,False,True,False,False
83,3,-0.475537182241917,-0.06900602884578928,0.18327172444389506,-1.4460712601091512,0.5341345778932411,ohc,four,0.7003365763251667,spdi,0.9262038973116256,1.9326248484815627,-0.7931010789480439,1.03638566418228,-0.2629602160773477,-0.9530116883199847,-0.9827637085489301,12629.0,mitsubishi,outlander,True,True,True,False,True,False,False,True,False,False
84,3,-0.475537182241917,-0.06900602884578928,0.18327172444389506,-1.4460712601091512,0.7035580013414613,ohc,four,0.7003365763251667,spdi,0.9632159438903544,1.9326248484815627,-0.7931010789480439,1.03638566418228,-0.2629602160773477,-0.9530116883199847,-0.9827637085489301,14869.0,mitsubishi,g4,True,True,True,False,True,False,False,True,False,False
85,3,-0.475537182241917,-0.06900602884578928,0.18327172444389506,-1.4460712601091512,0.7131843322192011,ohc,four,0.7003365763251667,spdi,0.9632159438903544,1.9326248484815627,-0.7931010789480439,1.03638566418228,-0.2629602160773477,-0.9530116883199847,-0.9827637085489301,14489.0,mitsubishi,mirage g4,True,True,True,False,True,False,False,True,False,False
86,1,-0.40894898390886314,-0.13400883602964708,-0.2372958521717572,-0.8717252157535934,-0.36688999226320196,ohc,four,-0.11813189064103245,2bbl,0.07492682600084534,0.6539800399008949,-0.41453695213341013,-0.4085691724684704,-0.2629602160773477,-0.03363570664658759,0.18178288250616068,6989.0,mitsubishi,montero,True,False,False,False,False,True,False,True,False,False
87,1,-0.40894898390886314,-0.13400883602964708,-0.2372958521717572,-0.8717252157535934,-0.2898793452412838,ohc,four,-0.11813189064103245,2bbl,0.07492682600084534,0.6539800399008949,-0.41453695213341013,-0.4085691724684704,-0.2629602160773477,-0.03363570664658759,0.18178288250616068,8189.0,mitsubishi,pajero,True,False,False,False,False,True,False,True,False,False
88,1,-0.40894898390886314,-0.13400883602964708,-0.2372958521717572,-0.8717252157535934,-0.2937298775923797,ohc,four,-0.40700311427616154,spdi,-0.5912900124162876,0.6539800399008949,-0.6669130366764994,0.30123320343014376,0.7878554622044521,-0.3400943672043866,-0.10935376525761202,9279.0,mitsubishi,outlander,True,True,False,False,False,True,False,True,False,False
89,-1,-0.40894898390886314,-0.13400883602964708,-0.2372958521717572,-0.8717252157535934,-0.2937298775923797,ohc,four,-0.40700311427616154,spdi,-0.5912900124162876,0.6539800399008949,-0.6669130366764994,0.30123320343014376,0.7878554622044521,-0.3400943672043866,-0.10935376525761202,9279.0,mitsubishi,mirage g4,True,False,False,False,False,True,False,True,False,False
90,1,-0.7085958764076113,-0.7109087497863971,-0.9849715439329279,0.3179915904114915,-1.2833166918240289,ohc,four,-0.7199469398808848,2bbl,-0.6653141055737468,0.11055599625411121,-0.18739847604462975,-0.8902207846853871,0.1573660552353722,0.8857402750268095,0.9096245019155924,5499.0,nissan,versa,True,False,True,False,False,True,False,True,False,False
91,1,-0.7085958764076113,-0.7109087497863971,-0.9849715439329279,0.3179915904114915,-1.0368826213538904,ohc,four,-0.5755113280633202,idi,-1.257506850833419,0.6859461601154123,2.967302580743985,-1.2451219726346943,-0.6832864873900676,3.030950898931403,2.802012712380115,7099.0,nissan,gt-r,False,False,True,False,False,True,False,True,False,False
92,1,-0.7085958764076113,-0.7109087497863971,-0.9849715439329279,0.3179915904114915,-1.2274839727331381,ohc,four,-0.7199469398808848,2bbl,-0.6653141055737468,0.11055599625411121,-0.18739847604462975,-0.8902207846853871,0.1573660552353722,0.8857402750268095,0.9096245019155924,6649.0,nissan,rogue,True,False,True,False,False,True,False,True,False,False
93,1,-0.7085958764076113,-0.7109087497863971,-0.9849715439329279,0.3179915904114915,-1.188978649222179,ohc,four,-0.7199469398808848,2bbl,-0.6653141055737468,0.11055599625411121,-0.18739847604462975,-0.8902207846853871,0.1573660552353722,0.8857402750268095,0.9096245019155924,6849.0,nissan,latio,True,False,False,False,False,True,False,True,False,False
94,1,-0.7085958764076113,-0.3127665557852613,-0.9849715439329279,-0.09225558412819312,-1.0234057581250549,ohc,four,-0.7199469398808848,2bbl,-0.6653141055737468,0.11055599625411121,-0.18739847604462975,-0.8902207846853871,0.1573660552353722,0.8857402750268095,0.9096245019155924,7349.0,nissan,titan,True,False,False,False,False,False,True,True,False,False
95,1,-0.7085958764076113,-0.7109087497863971,-0.9849715439329279,0.3179915904114915,-1.1639501889400556,ohc,four,-0.7199469398808848,2bbl,-0.6653141055737468,0.11055599625411121,-0.18739847604462975,-0.8902207846853871,0.1573660552353722,0.8857402750268095,0.9096245019155924,7299.0,nissan,leaf,True,False,True,False,False,True,False,True,False,False
96,1,-0.7085958764076113,-0.6865326970924512,-0.9849715439329279,-0.17430501903613121,-1.015704693422863,ohc,four,-0.7199469398808848,2bbl,-0.6653141055737468,0.11055599625411121,-0.18739847604462975,-0.8902207846853871,0.1573660552353722,0.8857402750268095,0.9096245019155924,7799.0,nissan,juke,True,False,True,False,True,False,False,True,False,False
97,1,-0.7085958764076113,-0.7109087497863971,-0.9849715439329279,0.3179915904114915,-1.1254448654290965,ohc,four,-0.7199469398808848,2bbl,-0.6653141055737468,0.11055599625411121,-0.18739847604462975,-0.8902207846853871,0.1573660552353722,0.8857402750268095,0.9096245019155924,7499.0,nissan,latio,True,False,False,False,False,True,False,True,False,False
98,1,-0.7085958764076113,-0.3127665557852613,-0.9849715439329279,-0.09225558412819312,-0.9983772978429314,ohc,four,-0.7199469398808848,2bbl,-0.6653141055737468,0.11055599625411121,-0.18739847604462975,-0.8902207846853871,0.1573660552353722,0.8857402750268095,0.9096245019155924,7999.0,nissan,note,True,False,False,False,False,False,True,True,False,False
99,2,-0.6087135789080294,-0.9465439258278872,-0.9849715439329279,-0.17430501903613121,-1.054210016933822,ohc,four,-0.7199469398808848,2bbl,-0.6653141055737468,0.11055599625411121,-0.18739847604462975,-0.8902207846853871,0.1573660552353722,0.8857402750268095,0.9096245019155924,8249.0,nissan,clipper,True,False,True,True,False,False,False,True,False,False
100,0,-0.25912553765948787,-0.052755327049823095,-0.33075531364190436,0.40004102531942964,-0.44582590546066814,ohc,four,-0.16627709458022064,2bbl,0.0009027328433861145,0.6859461601154123,-0.41453695213341013,-0.180418408786773,0.1573660552353722,0.2728229539112114,0.4729195302699334,8949.0,nissan,rogue,True,False,False,False,True,False,False,True,False,False
101,0,-0.25912553765948787,-0.052755327049823095,-0.33075531364190436,0.40004102531942964,-0.4881817613227232,ohc,four,-0.16627709458022064,2bbl,0.0009027328433861145,0.6859461601154123,-0.41453695213341013,-0.180418408786773,0.1573660552353722,0.2728229539112114,0.4729195302699334,9549.0,nissan,nv200,True,False,False,False,False,True,False,True,False,False
102,0,0.27358004900495464,0.6216487974827147,0.2767311859140422,0.5641398951353029,1.0385543158868056,ohcv,six,1.302151625565019,mpfi,0.3710231986306822,0.046623755825077745,-0.2883489098618655,1.2138362581569333,0.1573660552353722,-1.2594703488777836,-1.273900356312703,13499.0,nissan,dayz,True,False,False,False,False,True,False,True,False,False
103,0,0.27358004900495464,0.8572839735242048,0.2767311859140422,0.9743870696749876,1.4255328171719446,ohcv,six,1.302151625565019,mpfi,0.3710231986306822,0.046623755825077745,-0.2883489098618655,1.2138362581569333,0.1573660552353722,-1.2594703488777836,-1.273900356312703,14399.0,nissan,fuga,True,False,False,False,False,False,True,True,False,False
104,0,0.27358004900495464,0.8572839735242048,0.2767311859140422,0.5641398951353029,0.9711699997426271,ohcv,six,1.302151625565019,mpfi,0.3710231986306822,0.046623755825077745,-0.2883489098618655,1.2138362581569333,0.1573660552353722,-0.9530116883199847,-0.8371953846670438,13499.0,nissan,otti,True,False,False,False,False,True,False,True,False,False
105,3,-1.2413014630720538,-0.27213980129534926,0.9309474162050657,-1.6511948473789937,0.9923479276736545,ohcv,six,1.302151625565019,mpfi,0.3710231986306822,0.046623755825077745,-0.2883489098618655,1.4166369369851088,0.1573660552353722,-0.9530116883199847,-0.8371953846670438,17199.0,nissan,teana,True,False,True,False,True,False,False,False,True,False
106,3,-1.2413014630720538,-0.27213980129534926,0.9309474162050657,-1.6511948473789937,1.1232660276109157,ohcv,six,1.302151625565019,mpfi,0.3710231986306822,0.046623755825077745,-0.5912002113135727,2.430640331125986,0.1573660552353722,-1.2594703488777836,-1.1283320324308166,19699.0,nissan,kicks,True,True,True,False,True,False,False,False,True,False
107,1,0.07381545400578841,0.36163756874727887,0.9309474162050657,-1.6511948473789937,1.1232660276109157,ohcv,six,1.302151625565019,mpfi,0.3710231986306822,0.046623755825077745,-0.2883489098618655,1.4166369369851088,0.1573660552353722,-0.9530116883199847,-0.8371953846670438,18399.0,nissan,clipper,True,False,True,False,True,False,False,False,True,False
108,0,1.5221087677497407,1.0279163423818347,1.1645960698804303,1.220535374398799,0.8941593527207089,l,four,-0.16627709458022064,mpfi,0.4820593383668702,-0.20910520589105608,-0.43977456058771897,-0.180418408786773,-0.2629602160773477,-0.9530116883199847,-0.9827637085489301,11900.0,peugeot,504,True,False,False,False,False,True,False,False,True,False
109,0,1.5221087677497407,1.0279163423818347,1.1645960698804303,1.220535374398799,1.234931465792697,l,four,0.6040461684467903,idi,1.3703484562563808,0.8457767611879953,2.740164104655205,-0.23111857849381687,-2.049346869156407,0.42605228419011093,0.32735120638804704,13200.0,peugeot,304,False,True,False,False,False,True,False,False,True,False
110,0,2.5708728914953607,2.019209151935689,1.1645960698804303,2.041029723478168,1.2984652495857796,l,four,-0.16627709458022064,mpfi,0.4820593383668702,-0.20910520589105608,-0.43977456058771897,-0.180418408786773,-0.2629602160773477,-0.9530116883199847,-0.9827637085489301,12440.0,peugeot,504 (sw),True,False,False,False,False,False,True,False,True,False
111,0,2.5708728914953607,2.019209151935689,1.1645960698804303,2.041029723478168,1.6835184846953706,l,four,0.6040461684467903,idi,1.3703484562563808,0.8457767611879953,2.740164104655205,-0.23111857849381687,-2.049346869156407,-0.03363570664658759,-0.8371953846670438,13860.0,peugeot,504,False,True,False,False,False,False,True,False,True,False
112,0,1.5221087677497407,1.0279163423818347,1.1645960698804303,1.220535374398799,1.0000489923758464,l,four,-0.16627709458022064,mpfi,0.4820593383668702,-3.405717227342726,-0.43977456058771897,-0.23111857849381687,-0.2629602160773477,-0.9530116883199847,-0.9827637085489301,15580.0,peugeot,504,True,False,False,False,False,True,False,False,True,False
113,0,1.5221087677497407,1.0279163423818347,1.1645960698804303,1.220535374398799,1.3408211054478345,l,four,0.6040461684467903,idi,1.3703484562563808,0.8457767611879953,2.740164104655205,-0.23111857849381687,-2.049346869156407,0.42605228419011093,0.32735120638804704,16900.0,peugeot,604sl,False,True,False,False,False,True,False,False,True,False
114,0,2.5708728914953607,2.019209151935689,1.1645960698804303,1.220535374398799,1.404354889240917,l,four,-0.16627709458022064,mpfi,0.4820593383668702,-3.405717227342726,-0.43977456058771897,-0.23111857849381687,-0.2629602160773477,-0.9530116883199847,-0.9827637085489301,16695.0,peugeot,504,True,False,False,False,False,False,True,False,True,False
115,0,2.5708728914953607,2.019209151935689,1.1645960698804303,2.041029723478168,1.7894081243505082,l,four,0.6040461684467903,idi,1.3703484562563808,0.8457767611879953,2.740164104655205,-0.23111857849381687,-2.049346869156407,-0.03363570664658759,-0.8371953846670438,17075.0,peugeot,505s turbo diesel,False,True,False,False,False,False,True,False,True,False
116,0,1.5221087677497407,1.0279163423818347,1.1645960698804303,1.220535374398799,1.0000489923758464,l,four,-0.16627709458022064,mpfi,0.4820593383668702,-0.20910520589105608,-0.43977456058771897,-0.180418408786773,-0.2629602160773477,-0.9530116883199847,-0.9827637085489301,16630.0,peugeot,504,True,False,False,False,False,True,False,False,True,False
117,0,1.5221087677497407,1.0279163423818347,1.1645960698804303,1.220535374398799,1.3408211054478345,l,four,0.6040461684467903,idi,1.3703484562563808,0.8457767611879953,2.740164104655205,-0.23111857849381687,-2.049346869156407,0.42605228419011093,0.32735120638804704,17950.0,peugeot,504,False,True,False,False,False,True,False,False,True,False
118,0,1.5387558173330036,1.0279163423818347,1.1178663391453534,0.9333623522210185,1.1059386320309839,l,four,0.17073933299409666,mpfi,1.0372400370478136,-0.14517296546202263,-0.7931010789480439,0.960335409621714,0.998018597860812,-1.1062410185988842,-0.9827637085489301,18150.0,peugeot,604sl,True,True,False,False,False,True,False,False,True,False
119,1,-0.8417722730737214,-1.360936821624989,-0.9849715439329279,-1.1999229553853428,-1.2274839727331381,ohc,four,-0.8884551536680434,2bbl,-1.3315309439908782,-0.08124072503298917,-0.18739847604462975,-0.9155708695389091,0.7878554622044521,1.8051162567002066,1.4918977974431378,5572.0,plymouth,fury iii,True,False,True,False,True,False,False,True,False,False
120,1,-0.8417722730737214,-1.360936821624989,-0.9849715439329279,-1.1999229553853428,-0.8231780758680675,ohc,four,-0.6958743379112906,spdi,-1.1094586645185023,0.43021719839927847,-0.6416754282221906,-0.05366798451916333,0.7878554622044521,-0.18686503692548712,-0.10935376525761202,7957.0,plymouth,cricket,True,True,True,False,True,False,False,True,False,False
121,1,-0.8417722730737214,-1.360936821624989,-0.9849715439329279,-1.281972390293278,-1.1331459301312883,ohc,four,-0.8884551536680434,2bbl,-1.3315309439908782,-0.08124072503298917,-0.18739847604462975,-0.9155708695389091,0.7878554622044521,0.8857402750268095,1.0551928257974788,6229.0,plymouth,fury iii,True,False,False,False,True,False,False,True,False,False
122,1,-0.8417722730737214,-0.548401731826749,-0.9849715439329279,-1.1999229553853428,-1.0907900742692331,ohc,four,-0.8884551536680434,2bbl,-1.3315309439908782,-0.08124072503298917,-0.18739847604462975,-0.9155708695389091,0.7878554622044521,0.8857402750268095,1.0551928257974788,6692.0,plymouth,satellite custom (sw),True,False,False,False,False,True,False,True,False,False
123,1,-0.8417722730737214,-0.548401731826749,-0.9849715439329279,-1.1999229553853428,-0.7018863068085462,ohc,four,-0.6958743379112906,2bbl,-1.3315309439908782,-0.08124072503298917,-0.18739847604462975,-0.9155708695389091,0.7878554622044521,0.8857402750268095,1.0551928257974788,7609.0,plymouth,fury gran sedan,True,False,False,False,False,True,False,True,False,False
124,-1,0.7563444869196039,0.04474888372596479,-0.6111336980523459,2.492301615471819,-0.039594742420049546,ohc,four,-0.11813189064103245,2bbl,0.07492682600084534,0.6539800399008949,-0.41453695213341013,-0.4085691724684704,-0.2629602160773477,-0.18686503692548712,-0.10935376525761202,8921.0,plymouth,valiant,True,False,False,False,False,False,True,True,False,False
125,3,-0.475537182241917,-0.06900602884578928,0.18327172444389506,-1.4460712601091512,0.5052555852600219,ohc,four,0.7003365763251667,spdi,0.9632159438903544,1.9326248484815627,-0.7931010789480439,1.03638566418228,-0.2629602160773477,-0.9530116883199847,-0.9827637085489301,12764.0,plymouth,duster,True,True,True,False,True,False,False,False,True,False
126,3,-0.7085958764076113,-0.4183961174590311,1.1178663391453534,-1.4460712601091512,0.4282449382381036,ohc,four,0.5799735664771962,mpfi,2.2586375741458897,-0.46483416760718993,-0.16216086759032092,0.985685494475236,0.7878554622044521,-0.9530116883199847,-0.5460587369032711,22018.0,porsche,macan,True,False,True,False,True,False,False,False,True,False
127,3,-1.5409483555708021,-0.4183961174590311,-0.4242147751120515,-0.8717252157535934,0.38588908237604863,ohcf,six,1.6150954511697422,mpfi,1.5183966425712994,-1.1361226921120404,-0.16216086759032092,2.60809092510064,1.6285080048298919,-1.2594703488777836,-0.8371953846670438,32528.0,porsche,panamera,True,False,True,True,False,False,False,False,True,True
128,3,-1.5409483555708021,-0.4183961174590311,-0.4242147751120515,-0.8717252157535934,0.38588908237604863,ohcf,six,1.6150954511697422,mpfi,1.5183966425712994,-1.1361226921120404,-0.16216086759032092,2.60809092510064,1.6285080048298919,-1.2594703488777836,-0.8371953846670438,34028.0,porsche,cayenne,True,False,True,True,False,False,False,False,True,True
129,3,-1.5409483555708021,-0.4183961174590311,-0.4242147751120515,-0.8717252157535934,0.47060079410015865,ohcf,six,1.6150954511697422,mpfi,1.5183966425712994,-1.1361226921120404,-0.16216086759032092,2.60809092510064,1.6285080048298919,-1.2594703488777836,-0.8371953846670438,37028.0,porsche,boxter,True,False,True,False,False,False,False,False,True,True
130,1,-0.05936094266032163,0.13412774360377072,2.98705556854827,-1.322997107747247,1.5603014494603014,dohcv,eight,1.831748868896089,mpfi,2.2586375741458897,-0.46483416760718993,-0.035972825318776304,4.661447798235916,1.313263301345352,-1.2594703488777836,-0.4004904130213847,31400.5,porsche,cayenne,True,False,True,False,True,False,False,False,True,False
131,0,-0.44224308307539123,0.6053980956867508,0.2767311859140422,0.6051646125892719,0.0451169693040605,ohc,four,0.12259412905490848,mpfi,0.4820593383668702,2.0604893293396294,-0.36406173522479246,-0.3578690027614265,-0.052797080420987755,-0.3400943672043866,0.03621455862427433,9295.0,renault,12tl,True,False,False,False,False,False,True,True,False,False
132,2,-0.44224308307539123,0.22350660348157897,0.3234609166491125,-1.322997107747247,-0.18398970558614622,ohc,four,0.12259412905490848,mpfi,0.4820593383668702,2.0604893293396294,-0.36406173522479246,-0.3578690027614265,-0.052797080420987755,-0.3400943672043866,0.03621455862427433,9895.0,renault,5 gtl,True,False,True,False,True,False,False,True,False,False
133,3,0.057168404422523175,1.0197909914838528,0.2767311859140422,0.9743870696749876,0.19721299717234897,ohc,four,-0.14220449261062654,mpfi,0.7781557109967071,-0.5926986484652568,-0.21011232365350774,0.14913269430901213,0.2624476230635522,-0.6465530277621856,-0.4004904130213847,11850.0,saab,99e,True,False,True,False,True,False,False,True,False,False
134,2,0.057168404422523175,1.0197909914838528,0.2767311859140422,0.9743870696749876,0.2684478456676233,ohc,four,-0.14220449261062654,mpfi,0.7781557109967071,-0.5926986484652568,-0.2126360844989386,0.14913269430901213,0.2624476230635522,-0.6465530277621856,-0.4004904130213847,12170.0,saab,99le,True,False,False,False,False,True,False,True,False,False
135,3,0.057168404422523175,1.0197909914838528,0.2767311859140422,0.9743870696749876,0.2915510397741988,ohc,four,-0.14220449261062654,mpfi,-2.9230489468762504,-3.7893106699169268,-0.2126360844989386,0.14913269430901213,0.2624476230635522,-0.6465530277621856,-0.4004904130213847,15040.0,saab,99le,True,False,True,False,True,False,False,True,False,False
136,2,0.057168404422523175,1.0197909914838528,0.2767311859140422,0.9743870696749876,0.3897396147271445,ohc,four,-0.14220449261062654,mpfi,0.7781557109967071,-0.5926986484652568,-0.2126360844989386,0.14913269430901213,0.2624476230635522,-0.6465530277621856,-0.4004904130213847,15510.0,saab,99gle,True,False,False,False,False,True,False,True,False,False
137,3,0.057168404422523175,1.0197909914838528,0.2767311859140422,0.9743870696749876,0.48600292350454233,dohc,four,-0.14220449261062654,mpfi,0.7781557109967071,-0.5926986484652568,-0.2883489098618655,1.4166369369851088,0.7878554622044521,-0.9530116883199847,-0.6916270607851575,18150.0,saab,99gle,True,True,True,False,True,False,False,True,False,False
138,2,0.057168404422523175,1.0197909914838528,0.2767311859140422,0.9743870696749876,0.5610883043509126,dohc,four,-0.14220449261062654,mpfi,0.7781557109967071,-0.5926986484652568,-0.2883489098618655,1.4166369369851088,0.7878554622044521,-0.9530116883199847,-0.6916270607851575,18620.0,saab,99e,True,True,False,False,False,True,False,True,False,False
140,2,-0.8417722730737214,-1.3121847162370952,-1.0784310054030717,-0.010206149220255032,-0.838580205272451,ohcf,four,-0.45514831821534973,2bbl,1.074252083626544,-1.967241817689474,-0.36406173522479246,-0.7888204452712995,-1.5239390300155076,0.11959362363231192,0.03621455862427433,7053.0,subaru,dl,True,False,True,False,True,False,False,True,False,False
141,2,-0.9083604714067776,-1.360936821624989,-0.9849715439329279,0.8102881998591143,-0.6075482642066964,ohcf,four,-0.45514831821534973,2bbl,1.074252083626544,-1.967241817689474,-0.36406173522479246,-0.7888204452712995,-1.5239390300155076,0.11959362363231192,0.03621455862427433,7603.0,subaru,dl,True,False,True,False,True,False,False,False,False,False
143,0,-0.25912553765948787,-0.16651023962157716,-0.2372958521717572,-0.5025027586678777,-0.7038115729840941,ohcf,four,-0.45514831821534973,2bbl,1.074252083626544,-1.967241817689474,-0.16216086759032092,-0.5606696815896021,-1.5239390300155076,0.42605228419011093,0.32735120638804704,7775.0,subaru,brz,True,False,False,False,False,True,False,True,False,False
144,0,-0.25912553765948787,-0.16651023962157716,-0.2372958521717572,-0.5025027586678777,-0.4150216466519009,ohcf,four,-0.45514831821534973,mpfi,1.074252083626544,-1.967241817689474,-0.2883489098618655,-0.2564686633473388,0.1573660552353722,0.11959362363231192,0.18178288250616068,9960.0,subaru,baja,True,False,False,False,False,True,False,True,False,False
145,0,-0.29241963682601596,-0.16651023962157716,-0.2372958521717572,0.23594215550355344,-0.32838466875224287,ohcf,four,-0.45514831821534973,2bbl,1.074252083626544,-1.967241817689474,-0.2883489098618655,-0.5606696815896021,-0.6832864873900676,-0.18686503692548712,-0.8371953846670438,9233.0,subaru,r1,True,False,False,False,False,True,False,False,False,False
146,0,-0.29241963682601596,-0.16651023962157716,-0.2372958521717572,0.23594215550355344,-0.08772639680874843,ohcf,four,-0.45514831821534973,mpfi,1.074252083626544,-1.967241817689474,-0.6164378197678815,0.17448277916253407,-0.6832864873900676,-0.18686503692548712,-0.2549220891394984,11259.0,subaru,r2,True,True,False,False,False,True,False,False,False,False
147,0,-0.29241963682601596,-0.04462997615184115,-0.2372958521717572,-0.29737917139803544,-0.5112849554292986,ohcf,four,-0.45514831821534973,2bbl,1.074252083626544,-1.967241817689474,-0.2883489098618655,-0.5606696815896021,-0.6832864873900676,0.42605228419011093,0.18178288250616068,7463.0,subaru,trezia,True,False,False,False,False,False,True,True,False,False
148,0,-0.29241963682601596,-0.04462997615184115,-0.2372958521717572,-0.29737917139803544,-0.19361603646388598,ohcf,four,-0.45514831821534973,mpfi,1.074252083626544,-1.967241817689474,-0.2883489098618655,-0.2564686633473388,0.1573660552353722,-0.03363570664658759,0.03621455862427433,10198.0,subaru,tribeca,True,False,False,False,False,False,True,True,False,False
149,0,-0.30906668640927887,-0.03650462525385922,-0.2372958521717572,0.4820904602273648,-0.2610003526080644,ohcf,four,-0.45514831821534973,2bbl,1.074252083626544,-1.967241817689474,-0.2883489098618655,-0.5606696815896021,-0.6832864873900676,-0.3400943672043866,-0.2549220891394984,8013.0,subaru,dl,True,False,False,False,False,False,True,False,False,False
150,0,-0.30906668640927887,-0.03650462525385922,-0.2372958521717572,0.4820904602273648,0.18181086776796535,ohcf,four,-0.45514831821534973,mpfi,1.074252083626544,-1.967241817689474,-0.6164378197678815,0.17448277916253407,-0.6832864873900676,-0.3400943672043866,-1.1283320324308166,11694.0,subaru,dl,True,True,False,False,False,False,True,False,False,False
151,1,-0.5088312814084451,-1.2471819090532372,-1.0784310054030717,0.3179915904114915,-1.0984911389714251,ohc,four,-0.8403099497288552,2bbl,-1.0354345713610429,-0.7205631293233238,-0.2883489098618655,-1.0676713786600407,-0.6832864873900676,1.4986575961424076,1.200761149679365,5348.0,toyota,corona mark ii,True,False,True,False,True,False,False,True,False,False
152,1,-0.5088312814084451,-1.2471819090532372,-1.0784310054030717,0.3179915904114915,-0.9926014993162875,ohc,four,-0.8403099497288552,2bbl,-1.0354345713610429,-0.7205631293233238,-0.2883489098618655,-1.0676713786600407,-0.6832864873900676,0.8857402750268095,1.0551928257974788,6338.0,toyota,corona,True,False,True,False,True,False,False,True,False,False
153,1,-0.5088312814084451,-1.2471819090532372,-1.0784310054030717,0.3179915904114915,-1.0407331537049864,ohc,four,-0.8403099497288552,2bbl,-1.0354345713610429,-0.7205631293233238,-0.2883489098618655,-1.0676713786600407,-0.6832864873900676,0.8857402750268095,1.0551928257974788,6488.0,toyota,corolla 1200,True,False,False,False,True,False,False,True,False,False
154,0,-0.5088312814084451,-0.3533933102751733,-1.0784310054030717,2.2051285932940417,-0.5305376171847782,ohc,four,-0.8403099497288552,2bbl,-1.0354345713610429,-0.7205631293233238,-0.2883489098618655,-1.0676713786600407,-0.6832864873900676,0.8857402750268095,0.9096245019155924,6918.0,toyota,corona hardtop,True,False,False,False,False,False,True,True,False,False
155,0,-0.5088312814084451,-0.3533933102751733,-1.0784310054030717,2.2051285932940417,-0.5112849554292986,ohc,four,-0.8403099497288552,2bbl,-1.0354345713610429,-0.7205631293233238,-0.2883489098618655,-1.0676713786600407,-0.6832864873900676,0.2728229539112114,0.18178288250616068,7898.0,toyota,corolla 1600 (sw),True,False,False,False,False,False,True,False,False,False
156,0,-0.5088312814084451,-0.3533933102751733,-1.0784310054030717,2.2051285932940417,1.067433308520025,ohc,four,-0.8403099497288552,2bbl,-1.0354345713610429,-0.7205631293233238,-0.2883489098618655,-1.0676713786600407,-0.6832864873900676,0.2728229539112114,0.18178288250616068,8778.0,toyota,carina,True,False,False,False,False,False,True,False,False,False
157,0,-0.5088312814084451,-0.6296552408065731,-0.7045931595224864,-0.29737917139803544,-0.9136655861188213,ohc,four,-0.6958743379112906,2bbl,-0.5172659192588284,-0.7205631293233238,-0.2883489098618655,-0.8648706998318653,-0.6832864873900676,0.73251094474791,0.9096245019155924,6938.0,toyota,mark ii,True,False,False,False,False,True,False,True,False,False
158,0,-0.5088312814084451,-0.6296552408065731,-0.7045931595224864,-0.3794286063059735,-0.8597581332034786,ohc,four,-0.6958743379112906,2bbl,-0.5172659192588284,-0.7205631293233238,-0.2883489098618655,-0.8648706998318653,-0.6832864873900676,0.73251094474791,0.9096245019155924,7198.0,toyota,corolla 1200,True,False,False,False,True,False,False,True,False,False
159,0,-0.5088312814084451,-0.6296552408065731,-0.7045931595224864,-0.29737917139803544,-0.540163948062518,ohc,four,-0.40700311427616154,idi,-0.22116954662899155,0.30235271754121157,3.1187282314698392,-1.2197718877811723,-1.3137758943591475,1.345428265863508,0.7640561780337061,7898.0,toyota,corona,False,False,False,False,False,True,False,True,False,False
160,0,-0.5088312814084451,-0.6296552408065731,-0.7045931595224864,-0.3794286063059735,-0.540163948062518,ohc,four,-0.40700311427616154,idi,-0.22116954662899155,0.30235271754121157,3.1187282314698392,-1.2197718877811723,-1.3137758943591475,1.958345586979106,2.365307740734456,7788.0,toyota,corolla,False,False,False,False,True,False,False,True,False,False
161,0,-0.5088312814084451,-0.6296552408065731,-0.7045931595224864,-0.29737917139803544,-0.888637125836698,ohc,four,-0.6958743379112906,2bbl,-0.5172659192588284,-0.7205631293233238,-0.2883489098618655,-0.8648706998318653,-0.6832864873900676,1.958345586979106,2.365307740734456,7738.0,toyota,corona,True,False,False,False,False,True,False,True,False,False
162,0,-0.5088312814084451,-0.6296552408065731,-0.7045931595224864,-0.3794286063059735,-0.8347296729213551,ohc,four,-0.6958743379112906,2bbl,-0.5172659192588284,-0.7205631293233238,-0.2883489098618655,-0.8648706998318653,-0.6832864873900676,0.42605228419011093,0.4729195302699334,8358.0,toyota,corolla,True,False,False,False,True,False,False,True,False,False
163,0,-0.5088312814084451,-0.6296552408065731,-0.7045931595224864,-0.3794286063059735,-0.800074881761492,ohc,four,-0.6958743379112906,2bbl,-0.5172659192588284,-0.7205631293233238,-0.2883489098618655,-0.8648706998318653,-0.6832864873900676,0.42605228419011093,0.4729195302699334,9258.0,toyota,mark ii,True,False,False,False,False,True,False,True,False,False
164,1,-0.7085958764076113,-0.4346468192549973,-0.8915120824627807,-0.46147804121390873,-0.7442421626706013,ohc,four,-0.6958743379112906,2bbl,-0.5172659192588284,-0.7205631293233238,-0.2883489098618655,-0.8648706998318653,-0.6832864873900676,0.5792816144690105,0.4729195302699334,8058.0,toyota,corolla liftback,True,False,True,False,False,True,False,False,True,False
165,1,-0.7085958764076113,-0.4346468192549973,-0.8915120824627807,-0.46147804121390873,-0.6768578465264228,ohc,four,-0.6958743379112906,2bbl,-0.5172659192588284,-0.7205631293233238,-0.2883489098618655,-0.8648706998318653,-0.6832864873900676,0.5792816144690105,0.4729195302699334,8238.0,toyota,corona,True,False,True,False,True,False,False,False,True,False
166,1,-0.7085958764076113,-0.4346468192549973,-0.8915120824627807,-0.46147804121390873,-0.5594166098179976,dohc,four,-0.6958743379112906,mpfi,-0.33220568636517955,-0.5607325282507394,-0.18739847604462975,0.19983286401605602,3.099649954424412,0.11959362363231192,-0.2549220891394984,9298.0,toyota,celica gt liftback,True,False,True,False,False,True,False,False,True,False
167,1,-0.7085958764076113,-0.4346468192549973,-0.8915120824627807,-0.46147804121390873,-0.49203229367381907,dohc,four,-0.6958743379112906,mpfi,-0.33220568636517955,-0.5607325282507394,-0.18739847604462975,0.19983286401605602,3.099649954424412,0.11959362363231192,-0.2549220891394984,9538.0,toyota,corolla tercel,True,False,True,False,True,False,False,False,True,False
168,2,-0.05936094266032163,0.17475449809368274,-0.1438363907016167,-0.7076263459377201,-0.029968411542309767,ohc,four,0.4596105566292258,mpfi,1.074252083626544,0.7818445207589618,-0.2126360844989386,0.30123320343014376,-0.6832864873900676,-0.18686503692548712,-0.10935376525761202,8449.0,toyota,corona liftback,True,False,True,True,False,False,False,False,True,False
169,2,-0.05936094266032163,0.17475449809368274,-0.1438363907016167,-0.7076263459377201,-0.037669476244501586,ohc,four,0.4596105566292258,mpfi,1.074252083626544,0.7818445207589618,-0.2126360844989386,0.30123320343014376,-0.6832864873900676,-0.18686503692548712,-0.10935376525761202,9639.0,toyota,corolla,True,False,True,True,False,False,False,False,True,False
170,2,-0.05936094266032163,0.17475449809368274,-0.1438363907016167,-0.7076263459377201,-0.008790483611282257,ohc,four,0.4596105566292258,mpfi,1.074252083626544,0.7818445207589618,-0.2126360844989386,0.30123320343014376,-0.6832864873900676,-0.18686503692548712,-0.10935376525761202,9989.0,toyota,starlet,True,False,True,False,True,False,False,False,True,False
171,2,-0.05936094266032163,0.17475449809368274,-0.1438363907016167,-0.7076263459377201,0.23764358685885603,ohc,four,0.4596105566292258,mpfi,1.074252083626544,0.7818445207589618,-0.2126360844989386,0.30123320343014376,-0.6832864873900676,-0.18686503692548712,-0.10935376525761202,11199.0,toyota,tercel,True,False,True,True,False,False,False,False,True,False
172,2,-0.05936094266032163,0.17475449809368274,-0.1438363907016167,-0.7076263459377201,0.3050279030030345,ohc,four,0.4596105566292258,mpfi,1.074252083626544,0.7818445207589618,-0.2126360844989386,0.30123320343014376,-0.6832864873900676,-0.18686503692548712,-0.10935376525761202,11549.0,toyota,corolla,True,False,True,False,True,False,False,False,True,False
173,2,-0.05936094266032163,0.17475449809368274,-0.1438363907016167,-0.29737917139803544,0.8075223748210508,ohc,four,0.4596105566292258,mpfi,1.074252083626544,0.7818445207589618,-0.2126360844989386,0.30123320343014376,-0.6832864873900676,-0.18686503692548712,-0.10935376525761202,17669.0,toyota,cressida,True,False,True,False,False,False,False,False,True,False
174,-1,0.6065210406702309,0.12600239270578878,0.2767311859140422,0.4820904602273648,-0.44197537310957224,ohc,four,-0.11813189064103245,mpfi,-0.07312136031407311,0.9097090016170287,-0.36406173522479246,-0.3071688330543827,-1.9442653013282274,0.5792816144690105,0.4729195302699334,8948.0,toyota,corolla,True,False,False,False,False,True,False,True,False,False
175,-1,0.6065210406702309,0.12600239270578878,0.2767311859140422,0.4820904602273648,-0.1454843820751871,ohc,four,-0.40700311427616154,idi,-0.22116954662899155,0.30235271754121157,3.1187282314698392,-0.7888204452712995,-1.3137758943591475,0.73251094474791,0.32735120638804704,10698.0,toyota,celica gt,False,True,False,False,False,True,False,True,False,False
176,-1,0.6065210406702309,0.12600239270578878,0.2767311859140422,0.07184328568768016,-0.27255194966135216,ohc,four,-0.11813189064103245,mpfi,-0.07312136031407311,0.9097090016170287,-0.36406173522479246,-0.3071688330543827,-1.9442653013282274,0.2728229539112114,0.18178288250616068,9988.0,toyota,corona,True,False,False,False,True,False,False,True,False,False
177,-1,0.6065210406702309,0.12600239270578878,0.2767311859140422,0.4820904602273648,-0.27255194966135216,ohc,four,-0.11813189064103245,mpfi,-0.07312136031407311,0.9097090016170287,-0.36406173522479246,-0.3071688330543827,-1.9442653013282274,0.2728229539112114,0.18178288250616068,10898.0,toyota,corolla,True,False,False,False,False,True,False,True,False,False
178,-1,0.6065210406702309,0.12600239270578878,0.2767311859140422,0.07184328568768016,-0.1878402379372421,ohc,four,-0.11813189064103245,mpfi,-0.07312136031407311,0.9097090016170287,-0.36406173522479246,-0.3071688330543827,-1.9442653013282274,0.2728229539112114,0.18178288250616068,11248.0,toyota,mark ii,True,False,False,False,True,False,False,True,False,False
179,3,0.68975628858655,0.7679051136463989,0.8374879547349185,-0.7076263459377201,0.8094476409965988,dohc,six,1.061425605869078,mpfi,-0.22116954662899155,0.30235271754121157,-0.2126360844989386,1.4419870218386308,0.1573660552353722,-0.7997823580410852,-0.9827637085489301,16558.0,toyota,corolla liftback,True,False,True,False,True,False,False,False,True,False
180,3,0.68975628858655,0.7679051136463989,0.8374879547349185,-0.7076263459377201,0.886458288018517,dohc,six,1.061425605869078,mpfi,-0.22116954662899155,0.30235271754121157,-0.2126360844989386,1.4419870218386308,0.1573660552353722,-0.9530116883199847,-0.9827637085489301,15998.0,toyota,corona,True,False,True,False,True,False,False,False,True,False
181,-1,0.9561090819187701,1.117295202259643,0.2767311859140422,0.15389272059561823,1.1078638982065319,dohc,six,1.061425605869078,mpfi,-0.22116954662899155,0.30235271754121157,-0.23787369295324787,1.3152365975710212,0.1573660552353722,-0.7997823580410852,-0.9827637085489301,15690.0,toyota,starlet,True,False,False,False,False,True,False,False,True,False
182,-1,0.9561090819187701,1.117295202259643,0.2767311859140422,0.15389272059561823,1.146369221717491,dohc,six,0.8206995861731371,mpfi,-0.22116954662899155,0.30235271754121157,-0.23787369295324787,1.3152365975710212,0.1573660552353722,-0.9530116883199847,-0.9827637085489301,15750.0,toyota,tercel,True,False,False,False,False,False,True,False,True,False
183,2,-0.24247848807622502,-0.19088629231552529,-0.19056612143668694,0.8102881998591143,-0.5671176745201894,ohc,four,-0.7199469398808848,idi,-1.1834827576759614,0.4621833186137945,3.2449162737413837,-1.32117222719526,-0.6832864873900676,1.8051162567002066,2.2197394168525695,7775.0,volkswagen,rabbit,False,False,True,False,False,True,False,True,False,False
184,2,-0.24247848807622502,-0.19088629231552529,-0.19056612143668694,0.8102881998591143,-0.667231515648683,ohc,four,-0.43107571624575564,mpfi,-0.5172659192588284,0.4621833186137945,-0.2883489098618655,-0.4846194270290362,0.2624476230635522,0.2728229539112114,0.4729195302699334,7975.0,volkswagen,1131 deluxe sedan,True,False,True,False,False,True,False,True,False,False
185,2,-0.24247848807622502,-0.19088629231552529,-0.19056612143668694,0.8102881998591143,-0.5613418759935455,ohc,four,-0.7199469398808848,idi,-1.1834827576759614,0.4621833186137945,3.2449162737413837,-1.32117222719526,-0.6832864873900676,1.8051162567002066,2.2197394168525695,7995.0,volkswagen,model 111,False,False,False,False,False,True,False,True,False,False
186,2,-0.24247848807622502,-0.19088629231552529,-0.19056612143668694,0.8102881998591143,-0.6614557171220392,ohc,four,-0.43107571624575564,mpfi,-0.5172659192588284,0.4621833186137945,-0.2883489098618655,-0.4846194270290362,0.2624476230635522,0.2728229539112114,0.4729195302699334,8195.0,volkswagen,type 3,True,False,False,False,False,True,False,True,False,False
187,2,-0.24247848807622502,-0.19088629231552529,-0.19056612143668694,0.8102881998591143,-0.540163948062518,ohc,four,-0.43107571624575564,mpfi,-0.5172659192588284,0.4621833186137945,-0.2883489098618655,-0.4846194270290362,0.2624476230635522,0.2728229539112114,0.4729195302699334,8495.0,volkswagen,411 (sw),True,False,False,False,False,True,False,True,False,False
188,2,-0.24247848807622502,-0.19088629231552529,-0.19056612143668694,0.8102881998591143,-0.4554522363384079,ohc,four,-0.7199469398808848,idi,-1.1834827576759614,0.4621833186137945,3.2449162737413837,-0.9155708695389091,-1.3137758943591475,1.8051162567002066,1.6374661213250241,9495.0,volkswagen,super beetle,False,True,False,False,False,True,False,True,False,False
189,2,-0.24247848807622502,-0.19088629231552529,-0.19056612143668694,0.8102881998591143,-0.49203229367381907,ohc,four,-0.43107571624575564,mpfi,-0.5172659192588284,0.4621833186137945,-0.035972825318776304,-0.1043681542262072,0.7878554622044521,0.11959362363231192,0.18178288250616068,9995.0,volkswagen,dasher,True,False,False,False,False,True,False,True,False,False
190,3,-0.7085958764076113,-1.1984298036653411,-0.7980526209926335,0.7692634824051452,-0.580594537749025,ohc,four,-0.43107571624575564,mpfi,-0.5172659192588284,0.4621833186137945,-0.41453695213341013,-0.3578690027614265,0.7878554622044521,-0.18686503692548712,-0.2549220891394984,11595.0,volkswagen,dasher,True,False,True,False,False,False,False,True,False,False
191,3,-0.7085958764076113,-0.6784073461944693,-0.8915120824627807,-0.9537746506615314,-0.6441283215421075,ohc,four,-0.43107571624575564,mpfi,-0.5172659192588284,0.4621833186137945,-0.41453695213341013,-0.3578690027614265,0.7878554622044521,-0.18686503692548712,-0.2549220891394984,9980.0,volkswagen,rabbit,True,False,True,False,True,False,False,True,False,False
192,0,0.27358004900495464,0.49976853401297877,0.46365010885433655,0.5641398951353029,0.20298879569899284,ohc,five,0.21888453693328483,mpfi,-0.5172659192588284,0.4621833186137945,-0.41453695213341013,0.14913269430901213,0.7878554622044521,-0.9530116883199847,-0.9827637085489301,13295.0,volkswagen,rabbit,True,False,False,False,False,True,False,True,False,False
193,0,0.27358004900495464,0.49976853401297877,0.46365010885433655,0.5641398951353029,0.0451169693040605,ohc,four,-0.7199469398808848,idi,-1.1834827576759614,0.4621833186137945,3.2449162737413837,-0.9155708695389091,-1.3137758943591475,1.1921989355846085,1.0551928257974788,13845.0,volkswagen,rabbit custom,False,True,False,False,False,True,False,True,False,False
194,0,0.27358004900495464,0.7354037100544688,0.46365010885433655,0.5641398951353029,0.014312710495293209,ohc,four,-0.43107571624575564,mpfi,-0.5172659192588284,0.4621833186137945,-0.2883489098618655,-0.4085691724684704,0.7878554622044521,-0.03363570664658759,0.03621455862427433,12290.0,volkswagen,dasher,True,False,False,False,False,False,True,True,False,False
195,-2,0.9228149827522419,1.198548711239467,0.603839301059554,1.0154117871289565,0.6862306057615297,ohc,four,0.3392475467812553,mpfi,1.6664448288862161,-0.336969686749123,-0.16216086759032092,0.2505330337230999,0.5776923265480921,-0.3400943672043866,-0.4004904130213847,12940.0,volvo,145e (sw),True,False,False,False,False,True,False,False,True,False
196,-1,0.9228149827522419,1.198548711239467,0.603839301059554,1.5487331140305454,0.9211130791783803,ohc,four,0.3392475467812553,mpfi,1.6664448288862161,-0.336969686749123,-0.16216086759032092,0.2505330337230999,0.5776923265480921,-0.3400943672043866,-0.4004904130213847,13415.0,volvo,144ea,True,False,False,False,False,False,True,False,True,False
197,-2,0.9228149827522419,1.198548711239467,0.603839301059554,1.0154117871289565,0.7305117277991326,ohc,four,0.3392475467812553,mpfi,1.6664448288862161,-0.336969686749123,-0.16216086759032092,0.2505330337230999,0.5776923265480921,-0.18686503692548712,-0.4004904130213847,15985.0,volvo,244dl,True,False,False,False,False,True,False,False,True,False
198,-1,0.9228149827522419,1.198548711239467,0.603839301059554,1.5487331140305454,0.9365152085827639,ohc,four,0.3392475467812553,mpfi,1.6664448288862161,-0.336969686749123,-0.16216086759032092,0.2505330337230999,0.5776923265480921,-0.18686503692548712,-0.4004904130213847,16515.0,volvo,245,True,False,False,False,False,False,True,False,True,False
199,-2,0.9228149827522419,1.198548711239467,0.603839301059554,1.0154117871289565,0.9422910071094077,ohc,four,0.0744489251157203,mpfi,1.074252083626544,-0.336969686749123,-0.6669130366764994,1.4673371066921528,-0.052797080420987755,-1.2594703488777836,-1.273900356312703,18420.0,volvo,264gl,True,True,False,False,False,True,False,False,True,False
200,-1,0.9228149827522419,1.198548711239467,0.603839301059554,1.5487331140305454,1.1579208187707788,ohc,four,0.0744489251157203,mpfi,1.074252083626544,-0.336969686749123,-0.6669130366764994,1.4673371066921528,-0.052797080420987755,-1.2594703488777836,-1.273900356312703,18950.0,volvo,diesel,True,True,False,False,False,False,True,False,True,False
201,-1,1.7218733627489047,1.198548711239467,1.3982447235557949,0.7282387649511761,0.7632412527834479,ohc,four,0.3392475467812553,mpfi,1.6664448288862161,-0.336969686749123,-0.16216086759032092,0.2505330337230999,0.5776923265480921,-0.3400943672043866,-0.4004904130213847,16845.0,volvo,145e (sw),True,False,False,False,False,True,False,False,True,False
202,-1,1.7218733627489047,1.198548711239467,1.351514992820718,0.7282387649511761,0.9499920718115996,ohc,four,0.3392475467812553,mpfi,1.6664448288862161,-0.336969686749123,-0.36406173522479246,1.4166369369851088,0.36752919089173214,-0.9530116883199847,-0.8371953846670438,19045.0,volvo,144ea,True,True,False,False,False,True,False,False,True,False
203,-1,1.7218733627489047,1.198548711239467,1.3982447235557949,0.7282387649511761,0.8787572233163252,ohcv,six,1.1095708098082662,mpfi,0.9262038973116256,-1.23202105275559,-0.3388241267704832,0.7575347307935386,0.7878554622044521,-1.1062410185988842,-1.1283320324308166,21485.0,volvo,244dl,True,False,False,False,False,True,False,False,True,False
204,-1,1.7218733627489047,1.198548711239467,1.3982447235557949,0.7282387649511761,1.273436789303656,ohc,six,0.4355379546596317,idi,-1.1834827576759614,0.4621833186137945,3.2449162737413837,0.0477323548949244,-0.6832864873900676,0.11959362363231192,-0.5460587369032711,22470.0,volvo,246,False,True,False,False,False,True,False,False,True,False
205,-1,1.7218733627489047,1.198548711239467,1.3982447235557949,0.7282387649511761,0.975020532093723,ohc,four,0.3392475467812553,mpfi,1.6664448288862161,-0.336969686749123,-0.16216086759032092,0.2505330337230999,0.5776923265480921,-0.9530116883199847,-0.8371953846670438,22625.0,volvo,264gl,True,True,False,False,False,True,False,False,True,False
